,precision,recall,f1-score,support
good,0.9,1.0,0.9473684210526315,18.0
broken,1.0,0.7777777777777778,0.875,9.0
impurity,1.0,1.0,1.0,8.0
mold_risk,1.0,1.0,1.0,9.0
accuracy,0.9545454545454546,0.9545454545454546,0.9545454545454546,0.9545454545454546
macro avg,0.975,0.9444444444444444,0.9555921052631579,44.0
weighted avg,0.9590909090909091,0.9545454545454546,0.9529007177033493,44.0
