true_label,samples,accuracy,mean_confidence,median_confidence,mean_top2_margin
broken,9,0.7777777777777778,0.9248929487334357,0.9996986389160156,0.8570293328836366
good,18,1.0,0.9963258339299096,0.998982161283493,0.9931806516859878
impurity,8,1.0,0.9999698475003242,0.9999996423721313,0.9999397071803404
mold_risk,9,1.0,0.9909618165757921,0.9998904466629028,0.9825392757628985
