class,precision,recall,f1-score,support
good,0.9,1.0,0.9473684210526315,18.0
broken,1.0,0.7777777777777778,0.875,9.0
impurity,1.0,1.0,1.0,8.0
mold_risk,1.0,1.0,1.0,9.0
